<?xml version="1.0" encoding="UTF-8" standalone="yes"?>
<addon id="repository.repodragao026" name="REPO-DRAGAO-O26.004" version="0.2.6" provider-name="luminart506">
    <extension point="xbmc.addon.repository" name="repository.repodragao026">
        <dir>
            <info compressed="false">https://raw.githubusercontent.com/luminart506/repodragao026/master/zips/addons.xml</info>
            <checksum>https://raw.githubusercontent.com/luminart506/repodragao026/master/zips/addons.xml.md5</checksum>
            <datadir zip="true">https://raw.githubusercontent.com/luminart506/repodragao026/master/zips/</datadir>
        </dir>
    </extension>
    <extension point="xbmc.addon.metadata">
        <summary>REPO-DRAGAO-O26.004</summary>
        <description>INSTALAÇÃO VIA LINK</description>
        <disclaimer></disclaimer>
        <platform>all</platform>
        <assets>
            <icon>icon.png</icon>
            <fanart>fanart.jpg</fanart>
        </assets>
    </extension>
</addon>